test1.jpg,29,8
test2.jpg,1,18
test3.jpg,4,37
test4.jpg,23,27
test5.jpg,5,28
test6.jpg,0,37
test7.jpg,1,10
test8.jpg,31,38
test9.jpg,33,27
test10.jpg,34,22
test11.jpg,35,29
test12.jpg,17,13
test13.jpg,37,18
test14.jpg,22,14
test15.jpg,22,16
test16.jpg,13,16
test17.jpg,20,12
test18.jpg,35,35
test19.jpg,28,37
test20.jpg,30,4
test21.jpg,5,28
test22.jpg,15,33
test23.jpg,13,14
test24.jpg,36,13
test25.jpg,33,37
test26.jpg,14,8
test27.jpg,10,20
test28.jpg,4,37
test29.jpg,8,7
test30.jpg,30,4
test31.jpg,38,1
test32.jpg,15,33
test33.jpg,19,8
test34.jpg,14,1
test35.jpg,39,1
test36.jpg,31,38
test37.jpg,38,1
test38.jpg,28,23
test39.jpg,37,18
test40.jpg,37,18
test41.jpg,19,24
test42.jpg,28,11
test43.jpg,37,13
test44.jpg,25,33
test45.jpg,6,14
test46.jpg,24,8
test47.jpg,33,8
test48.jpg,18,13
test49.jpg,8,14
test50.jpg,3,25
test51.jpg,25,13
test52.jpg,19,8
test53.jpg,13,6
test54.jpg,35,35
test55.jpg,31,38
test56.jpg,31,11
test57.jpg,18,15
test58.jpg,35,35
test59.jpg,31,23
test60.jpg,32,11
test61.jpg,31,5
test62.jpg,1,33
test63.jpg,24,8
test64.jpg,31,5
test65.jpg,22,16
test66.jpg,3,28
test67.jpg,35,35
test68.jpg,17,6
test69.jpg,3,28
test70.jpg,1,18
test71.jpg,15,22
test72.jpg,10,20
test73.jpg,28,33
test74.jpg,11,9
test75.jpg,12,31
test76.jpg,22,16
test77.jpg,18,15
test78.jpg,37,18
test79.jpg,8,14
test80.jpg,20,25
test81.jpg,36,5
test82.jpg,16,29
test83.jpg,21,25
test84.jpg,9,14
test85.jpg,23,38
test86.jpg,32,11
test87.jpg,16,17
test88.jpg,16,11
test89.jpg,12,19
test90.jpg,14,29
test91.jpg,1,33
test92.jpg,6,7
test93.jpg,20,10
test94.jpg,11,9
test95.jpg,1,10
test96.jpg,4,22
test97.jpg,8,29
test98.jpg,31,26
test99.jpg,5,8
test100.jpg,27,35
test101.jpg,12,37
test102.jpg,38,1
test103.jpg,38,11
test104.jpg,22,16
test105.jpg,8,19
test106.jpg,35,35
test107.jpg,21,9
test108.jpg,5,28
test109.jpg,10,9
test110.jpg,24,33
test111.jpg,7,14
test112.jpg,7,7
test113.jpg,17,13
test114.jpg,25,29
test115.jpg,24,0
test116.jpg,16,8
test117.jpg,6,7
test118.jpg,7,8
test119.jpg,9,14
test120.jpg,3,8
test121.jpg,14,15
test122.jpg,0,35
test123.jpg,19,33
test124.jpg,17,29
test125.jpg,19,24
test126.jpg,32,38
test127.jpg,24,9
test128.jpg,32,11
test129.jpg,21,8
test130.jpg,9,7
test131.jpg,21,8
test132.jpg,15,16
test133.jpg,6,9
test134.jpg,10,14
test135.jpg,3,8
test136.jpg,11,9
test137.jpg,29,8
test138.jpg,13,7
test139.jpg,38,1
test140.jpg,18,8
test141.jpg,34,9
test142.jpg,7,7
test143.jpg,35,35
test144.jpg,13,30
test145.jpg,13,8
test146.jpg,0,10
test147.jpg,34,33
test148.jpg,22,16
test149.jpg,18,15
test150.jpg,6,14
test151.jpg,19,38
test152.jpg,39,1
test153.jpg,29,8
test154.jpg,2,31
test155.jpg,25,7
test156.jpg,26,18
test157.jpg,29,8
test158.jpg,22,35
test159.jpg,26,2
test160.jpg,26,11
test161.jpg,3,28
test162.jpg,15,33
test163.jpg,4,37
test164.jpg,39,27
test165.jpg,38,9
test166.jpg,35,23
test167.jpg,4,7
test168.jpg,12,39
test169.jpg,24,0
test170.jpg,23,8
test171.jpg,8,19
test172.jpg,9,14
test173.jpg,9,9
test174.jpg,36,5
test175.jpg,20,9
test176.jpg,38,13
test177.jpg,0,0
test178.jpg,3,28
test179.jpg,15,33
test180.jpg,20,12
test181.jpg,34,22
test182.jpg,29,8
test183.jpg,39,13
test184.jpg,25,29
test185.jpg,36,11
test186.jpg,37,19
test187.jpg,2,31
test188.jpg,4,37
test189.jpg,6,7
test190.jpg,34,22
test191.jpg,4,35
test192.jpg,34,22
test193.jpg,27,35
test194.jpg,9,14
test195.jpg,11,19
test196.jpg,23,29
test197.jpg,27,18
test198.jpg,23,37
test199.jpg,5,28
test200.jpg,32,14
test201.jpg,15,33
test202.jpg,2,31
test203.jpg,4,9
test204.jpg,5,8
test205.jpg,9,29
test206.jpg,10,9
test207.jpg,24,0
test208.jpg,0,37
test209.jpg,33,23
test210.jpg,26,11
test211.jpg,27,35
test212.jpg,10,20
test213.jpg,0,33
test214.jpg,23,26
test215.jpg,11,16
test216.jpg,14,8
test217.jpg,22,16
test218.jpg,27,34
test219.jpg,14,27
test220.jpg,32,27
test221.jpg,4,22
test222.jpg,4,1
test223.jpg,29,8
test224.jpg,17,13
test225.jpg,25,13
test226.jpg,39,11
test227.jpg,24,29
test228.jpg,21,29
test229.jpg,13,7
test230.jpg,38,1
test231.jpg,7,31
test232.jpg,0,10
test233.jpg,4,37
test234.jpg,26,11
test235.jpg,21,8
test236.jpg,8,19
test237.jpg,17,13
test238.jpg,21,26
test239.jpg,10,20
test240.jpg,25,29
test241.jpg,28,33
test242.jpg,33,16
test243.jpg,34,8
test244.jpg,2,18
test245.jpg,31,38
test246.jpg,8,14
test247.jpg,34,38
test248.jpg,15,23
test249.jpg,29,8
test250.jpg,11,9
test251.jpg,2,31
test252.jpg,5,28
test253.jpg,20,25
test254.jpg,34,16
test255.jpg,17,29
test256.jpg,33,23
test257.jpg,25,29
test258.jpg,0,8
test259.jpg,32,5
test260.jpg,3,16
test261.jpg,24,0
test262.jpg,13,9
test263.jpg,2,37
test264.jpg,29,8
test265.jpg,11,9
test266.jpg,31,5
test267.jpg,15,33
test268.jpg,26,2
test269.jpg,20,12
test270.jpg,7,14
test271.jpg,37,18
test272.jpg,3,29
test273.jpg,0,19
test274.jpg,4,37
test275.jpg,12,14
test276.jpg,18,16
test277.jpg,16,5
test278.jpg,10,20
test279.jpg,5,8
test280.jpg,26,27
test281.jpg,36,13
test282.jpg,17,9
test283.jpg,27,35
test284.jpg,38,18
test285.jpg,30,8
test286.jpg,35,35
test287.jpg,1,10
test288.jpg,27,35
test289.jpg,23,23
test290.jpg,12,19
test291.jpg,33,38
test292.jpg,34,8
test293.jpg,2,31
test294.jpg,30,4
test295.jpg,38,33
test296.jpg,28,17
test297.jpg,29,16
test298.jpg,17,13
test299.jpg,28,37
test300.jpg,38,23
test301.jpg,20,12
test302.jpg,32,33
test303.jpg,15,8
test304.jpg,36,5
test305.jpg,7,7
test306.jpg,36,38
test307.jpg,17,13
test308.jpg,31,26
test309.jpg,4,37
test310.jpg,33,27
test311.jpg,6,7
test312.jpg,35,35
test313.jpg,19,16
test314.jpg,10,20
test315.jpg,17,37
test316.jpg,39,27
test317.jpg,39,27
test318.jpg,2,31
test319.jpg,24,29
test320.jpg,23,36
test321.jpg,18,33
test322.jpg,20,25
test323.jpg,12,19
test324.jpg,22,16
test325.jpg,32,33
test326.jpg,19,28
test327.jpg,6,7
test328.jpg,30,4
test329.jpg,28,22
test330.jpg,22,8
test331.jpg,8,19
test332.jpg,11,9
test333.jpg,36,8
test334.jpg,3,28
test335.jpg,16,11
test336.jpg,6,6
test337.jpg,10,9
test338.jpg,10,20
test339.jpg,16,11
test340.jpg,28,30
test341.jpg,0,5
test342.jpg,27,33
test343.jpg,7,39
test344.jpg,30,4
test345.jpg,13,30
test346.jpg,35,35
test347.jpg,37,11
test348.jpg,33,23
test349.jpg,12,14
test350.jpg,26,13
test351.jpg,13,25
test352.jpg,7,7
test353.jpg,1,10
test354.jpg,23,18
test355.jpg,37,18
test356.jpg,39,27
test357.jpg,21,11
test358.jpg,7,7
test359.jpg,2,31
test360.jpg,34,31
test361.jpg,30,8
test362.jpg,16,10
test363.jpg,25,13
test364.jpg,14,10
test365.jpg,25,29
test366.jpg,0,37
test367.jpg,39,35
test368.jpg,10,20
test369.jpg,14,16
test370.jpg,39,18
test371.jpg,20,38
test372.jpg,6,6
test373.jpg,2,11
test374.jpg,1,13
test375.jpg,12,7
test376.jpg,5,8
test377.jpg,23,23
test378.jpg,3,28
test379.jpg,30,4
test380.jpg,13,30
test381.jpg,29,33
test382.jpg,12,19
test383.jpg,19,15
test384.jpg,18,26
test385.jpg,25,13
test386.jpg,21,33
test387.jpg,32,38
test388.jpg,28,17
test389.jpg,9,7
test390.jpg,21,16
test391.jpg,19,18
test392.jpg,18,15
test393.jpg,11,9
test394.jpg,25,11
test395.jpg,30,4
test396.jpg,26,14
test397.jpg,4,37
test398.jpg,26,2
test399.jpg,8,19
test400.jpg,37,18
